stem,source_id_1,source_id_2,ra1,dec1,ra2,dec2,gmag1,gmag2,sep_arcsec,stamp_center_ra,stamp_center_dec,x1,y1,in_bounds_1,x2,y2,in_bounds_2,lr_png,lr_tiff,gt_png,gt_tiff,meta_json
0000_gaia_369278612346152192_369278612346152704_sep0.385as_i_size256,369278612346152192,369278612346152704,11.104695786493858,41.34593215813048,11.104650405572157,41.346033491722686,19.431978225708008,19.37944221496582,0.38486667691373133,11.104673096050663,41.34598282492882,127.7182619179739,127.66082631960307,True,128.2177032780237,129.1173053706607,True,m31_gaia_pairs_ps1_lr_gt/0000_gaia_369278612346152192_369278612346152704_sep0.385as_i_size256_LR.png,m31_gaia_pairs_ps1_lr_gt/0000_gaia_369278612346152192_369278612346152704_sep0.385as_i_size256_LR.tiff,m31_gaia_pairs_ps1_lr_gt/0000_gaia_369278612346152192_369278612346152704_sep0.385as_i_size256_GT.png,m31_gaia_pairs_ps1_lr_gt/0000_gaia_369278612346152192_369278612346152704_sep0.385as_i_size256_GT.tiff,m31_gaia_pairs_ps1_lr_gt/0000_gaia_369278612346152192_369278612346152704_sep0.385as_i_size256_meta.json
0001_gaia_381266999949002880_381266999949491200_sep0.400as_i_size256,381266999949002880,381266999949491200,10.688795850166253,41.26716468543213,10.68871557148546,41.267257856820066,20.33403778076172,20.298017501831055,0.3996149230462527,10.688755710854497,41.26721127113307,127.84938426676968,127.24748541147346,True,128.7199390989408,128.58836746011184,True,m31_gaia_pairs_ps1_lr_gt/0001_gaia_381266999949002880_381266999949491200_sep0.400as_i_size256_LR.png,m31_gaia_pairs_ps1_lr_gt/0001_gaia_381266999949002880_381266999949491200_sep0.400as_i_size256_LR.tiff,m31_gaia_pairs_ps1_lr_gt/0001_gaia_381266999949002880_381266999949491200_sep0.400as_i_size256_GT.png,m31_gaia_pairs_ps1_lr_gt/0001_gaia_381266999949002880_381266999949491200_sep0.400as_i_size256_GT.tiff,m31_gaia_pairs_ps1_lr_gt/0001_gaia_381266999949002880_381266999949491200_sep0.400as_i_size256_meta.json
0002_gaia_381266278386081920_381266278386082048_sep0.454as_i_size256,381266278386081920,381266278386082048,10.57494551486294,41.366624208743936,10.574777546360492,41.36662008592687,20.28854751586914,20.379703521728516,0.45405764040131286,10.574861530609057,41.36662214736594,127.00421474065948,128.04945592010154,True,128.81959491199976,127.99036015330603,True,m31_gaia_pairs_ps1_lr_gt/0002_gaia_381266278386081920_381266278386082048_sep0.454as_i_size256_LR.png,m31_gaia_pairs_ps1_lr_gt/0002_gaia_381266278386081920_381266278386082048_sep0.454as_i_size256_LR.tiff,m31_gaia_pairs_ps1_lr_gt/0002_gaia_381266278386081920_381266278386082048_sep0.454as_i_size256_GT.png,m31_gaia_pairs_ps1_lr_gt/0002_gaia_381266278386081920_381266278386082048_sep0.454as_i_size256_GT.tiff,m31_gaia_pairs_ps1_lr_gt/0002_gaia_381266278386081920_381266278386082048_sep0.454as_i_size256_meta.json
0003_gaia_369278612346152192_369278612346152448_sep0.469as_i_size256,369278612346152192,369278612346152448,11.104695786493858,41.34593215813048,11.104685634828286,41.34580198641579,19.431978225708008,20.04807472229004,0.46942065015521023,11.104690710656,41.34586707227326,127.7182619179739,128.66082631960307,True,127.81670997602578,126.78544690887247,True,m31_gaia_pairs_ps1_lr_gt/0003_gaia_369278612346152192_369278612346152448_sep0.469as_i_size256_LR.png,m31_gaia_pairs_ps1_lr_gt/0003_gaia_369278612346152192_369278612346152448_sep0.469as_i_size256_LR.tiff,m31_gaia_pairs_ps1_lr_gt/0003_gaia_369278612346152192_369278612346152448_sep0.469as_i_size256_GT.png,m31_gaia_pairs_ps1_lr_gt/0003_gaia_369278612346152192_369278612346152448_sep0.469as_i_size256_GT.tiff,m31_gaia_pairs_ps1_lr_gt/0003_gaia_369278612346152192_369278612346152448_sep0.469as_i_size256_meta.json
0004_gaia_381258100770629888_381258100778993408_sep0.500as_i_size256,381258100770629888,381258100778993408,10.56896178576594,41.08767195620186,10.568870329074933,41.08755127986699,19.05150604248047,18.918733596801758,0.5003134547591666,10.568916057378445,41.08761161804346,127.57950193802452,128.41034031897107,True,128.57263231621454,126.6723804193316,True,m31_gaia_pairs_ps1_lr_gt/0004_gaia_381258100770629888_381258100778993408_sep0.500as_i_size256_LR.png,m31_gaia_pairs_ps1_lr_gt/0004_gaia_381258100770629888_381258100778993408_sep0.500as_i_size256_LR.tiff,m31_gaia_pairs_ps1_lr_gt/0004_gaia_381258100770629888_381258100778993408_sep0.500as_i_size256_GT.png,m31_gaia_pairs_ps1_lr_gt/0004_gaia_381258100770629888_381258100778993408_sep0.500as_i_size256_GT.tiff,m31_gaia_pairs_ps1_lr_gt/0004_gaia_381258100770629888_381258100778993408_sep0.500as_i_size256_meta.json
0005_gaia_381274696521894528_381274696536068224_sep0.501as_i_size256,381274696521894528,381274696536068224,10.642643672374634,41.50508535848347,10.64246821944605,41.50513100924338,18.99190902709961,19.082183837890625,0.500761544559655,10.642555945941266,41.50510818389675,126.60270960142668,127.25786590551434,True,128.4953017387628,127.9140970566923,True,m31_gaia_pairs_ps1_lr_gt/0005_gaia_381274696521894528_381274696536068224_sep0.501as_i_size256_LR.png,m31_gaia_pairs_ps1_lr_gt/0005_gaia_381274696521894528_381274696536068224_sep0.501as_i_size256_LR.tiff,m31_gaia_pairs_ps1_lr_gt/0005_gaia_381274696521894528_381274696536068224_sep0.501as_i_size256_GT.png,m31_gaia_pairs_ps1_lr_gt/0005_gaia_381274696521894528_381274696536068224_sep0.501as_i_size256_GT.tiff,m31_gaia_pairs_ps1_lr_gt/0005_gaia_381274696521894528_381274696536068224_sep0.501as_i_size256_meta.json
0006_gaia_369286201554242944_369286205849377280_sep0.503as_i_size256,369286201554242944,369286205849377280,11.053680563369404,41.572770254989166,11.053506968470069,41.57282186318553,20.0651912689209,20.36701011657715,0.5030897941410885,11.053593765954409,41.57279605911999,127.02971268117562,127.31444230960096,True,128.90395344445824,128.04756451702178,True,m31_gaia_pairs_ps1_lr_gt/0006_gaia_369286201554242944_369286205849377280_sep0.503as_i_size256_LR.png,m31_gaia_pairs_ps1_lr_gt/0006_gaia_369286201554242944_369286205849377280_sep0.503as_i_size256_LR.tiff,m31_gaia_pairs_ps1_lr_gt/0006_gaia_369286201554242944_369286205849377280_sep0.503as_i_size256_GT.png,m31_gaia_pairs_ps1_lr_gt/0006_gaia_369286201554242944_369286205849377280_sep0.503as_i_size256_GT.tiff,m31_gaia_pairs_ps1_lr_gt/0006_gaia_369286201554242944_369286205849377280_sep0.503as_i_size256_meta.json
0007_gaia_381267755855412352_381267755864009728_sep0.508as_i_size256,381267755855412352,381267755864009728,10.681614560897335,41.280618298129006,10.681426957064492,41.280618517787936,20.74132537841797,20.278886795043945,0.5075354826042745,10.68152075898107,41.28061840799654,126.79487149462977,127.92387126003814,True,128.82517620483884,127.9248538056545,True,m31_gaia_pairs_ps1_lr_gt/0007_gaia_381267755855412352_381267755864009728_sep0.508as_i_size256_LR.png,m31_gaia_pairs_ps1_lr_gt/0007_gaia_381267755855412352_381267755864009728_sep0.508as_i_size256_LR.tiff,m31_gaia_pairs_ps1_lr_gt/0007_gaia_381267755855412352_381267755864009728_sep0.508as_i_size256_GT.png,m31_gaia_pairs_ps1_lr_gt/0007_gaia_381267755855412352_381267755864009728_sep0.508as_i_size256_GT.tiff,m31_gaia_pairs_ps1_lr_gt/0007_gaia_381267755855412352_381267755864009728_sep0.508as_i_size256_meta.json
0008_gaia_381267755863776512_381267755863776768_sep0.516as_i_size256,381267755863776512,381267755863776768,10.68806463725269,41.27345032538851,10.688255050525436,41.27344328867454,20.522300720214844,20.573196411132812,0.5158144202570659,10.688159843894196,41.27344680707075,128.8699743286934,127.76626695605592,True,126.80892029357506,127.6672931461726,True,m31_gaia_pairs_ps1_lr_gt/0008_gaia_381267755863776512_381267755863776768_sep0.516as_i_size256_LR.png,m31_gaia_pairs_ps1_lr_gt/0008_gaia_381267755863776512_381267755863776768_sep0.516as_i_size256_LR.tiff,m31_gaia_pairs_ps1_lr_gt/0008_gaia_381267755863776512_381267755863776768_sep0.516as_i_size256_GT.png,m31_gaia_pairs_ps1_lr_gt/0008_gaia_381267755863776512_381267755863776768_sep0.516as_i_size256_GT.tiff,m31_gaia_pairs_ps1_lr_gt/0008_gaia_381267755863776512_381267755863776768_sep0.516as_i_size256_meta.json
0009_gaia_381267755854947072_381267755864875520_sep0.529as_i_size256,381267755854947072,381267755864875520,10.681263781643992,41.276796739224196,10.68120152392149,41.27665758557266,20.649490356445312,20.702899932861328,0.5285128520696757,10.681232652749559,41.276727162402615,127.5313061612477,128.8806191498661,True,128.2029407889239,126.87576541324597,True,m31_gaia_pairs_ps1_lr_gt/0009_gaia_381267755854947072_381267755864875520_sep0.529as_i_size256_LR.png,m31_gaia_pairs_ps1_lr_gt/0009_gaia_381267755854947072_381267755864875520_sep0.529as_i_size256_LR.tiff,m31_gaia_pairs_ps1_lr_gt/0009_gaia_381267755854947072_381267755864875520_sep0.529as_i_size256_GT.png,m31_gaia_pairs_ps1_lr_gt/0009_gaia_381267755854947072_381267755864875520_sep0.529as_i_size256_GT.tiff,m31_gaia_pairs_ps1_lr_gt/0009_gaia_381267755854947072_381267755864875520_sep0.529as_i_size256_meta.json
0010_gaia_369278887224075904_369278887224076032_sep0.531as_i_size256,369278887224075904,369278887224076032,11.045664805189356,41.31225690920713,11.045699613352603,41.31240195592523,20.705049514770508,19.357088088989258,0.5305833456809886,11.045682209251618,41.312329432567495,128.34365108057318,127.08554049087252,True,127.97828550145186,129.17650654933277,True,m31_gaia_pairs_ps1_lr_gt/0010_gaia_369278887224075904_369278887224076032_sep0.531as_i_size256_LR.png,m31_gaia_pairs_ps1_lr_gt/0010_gaia_369278887224075904_369278887224076032_sep0.531as_i_size256_LR.tiff,m31_gaia_pairs_ps1_lr_gt/0010_gaia_369278887224075904_369278887224076032_sep0.531as_i_size256_GT.png,m31_gaia_pairs_ps1_lr_gt/0010_gaia_369278887224075904_369278887224076032_sep0.531as_i_size256_GT.tiff,m31_gaia_pairs_ps1_lr_gt/0010_gaia_369278887224075904_369278887224076032_sep0.531as_i_size256_meta.json
0011_gaia_369254457453465600_369254457455748608_sep0.531as_i_size256,369254457453465600,369254457455748608,11.025388937197567,41.247180143506235,11.025193609695801,41.247167357757824,20.477243423461914,20.785400390625,0.5307006849170259,11.025291273437128,41.2471737506733,126.88610986745061,127.698297552859,True,129.00019741939195,127.50351240564123,True,m31_gaia_pairs_ps1_lr_gt/0011_gaia_369254457453465600_369254457455748608_sep0.531as_i_size256_LR.png,m31_gaia_pairs_ps1_lr_gt/0011_gaia_369254457453465600_369254457455748608_sep0.531as_i_size256_LR.tiff,m31_gaia_pairs_ps1_lr_gt/0011_gaia_369254457453465600_369254457455748608_sep0.531as_i_size256_GT.png,m31_gaia_pairs_ps1_lr_gt/0011_gaia_369254457453465600_369254457455748608_sep0.531as_i_size256_GT.tiff,m31_gaia_pairs_ps1_lr_gt/0011_gaia_369254457453465600_369254457455748608_sep0.531as_i_size256_meta.json
0012_gaia_369259096014122752_369259096019994112_sep0.533as_i_size256,369259096014122752,369259096019994112,10.865409280028123,41.306407734937295,10.865423777975662,41.30655532401273,19.65414810180664,20.422727584838867,0.5327652473459696,10.86541652899369,41.306481529475235,127.91338657048391,126.59262126391877,True,127.76342845218869,128.71871907989043,True,m31_gaia_pairs_ps1_lr_gt/0012_gaia_369259096014122752_369259096019994112_sep0.533as_i_size256_LR.png,m31_gaia_pairs_ps1_lr_gt/0012_gaia_369259096014122752_369259096019994112_sep0.533as_i_size256_LR.tiff,m31_gaia_pairs_ps1_lr_gt/0012_gaia_369259096014122752_369259096019994112_sep0.533as_i_size256_GT.png,m31_gaia_pairs_ps1_lr_gt/0012_gaia_369259096014122752_369259096019994112_sep0.533as_i_size256_GT.tiff,m31_gaia_pairs_ps1_lr_gt/0012_gaia_369259096014122752_369259096019994112_sep0.533as_i_size256_meta.json
0013_gaia_381261880349702784_381261880349702912_sep0.557as_i_size256,381261880349702784,381261880349702912,10.670513413080883,41.26040498988298,10.670718619583448,41.26041774675771,20.404029846191406,20.464527130126953,0.5572238992767267,10.670616016322144,41.26041136836589,128.65485949485742,127.68350261120395,True,126.4335369527995,127.86933886953557,True,m31_gaia_pairs_ps1_lr_gt/0013_gaia_381261880349702784_381261880349702912_sep0.557as_i_size256_LR.png,m31_gaia_pairs_ps1_lr_gt/0013_gaia_381261880349702784_381261880349702912_sep0.557as_i_size256_LR.tiff,m31_gaia_pairs_ps1_lr_gt/0013_gaia_381261880349702784_381261880349702912_sep0.557as_i_size256_GT.png,m31_gaia_pairs_ps1_lr_gt/0013_gaia_381261880349702784_381261880349702912_sep0.557as_i_size256_GT.tiff,m31_gaia_pairs_ps1_lr_gt/0013_gaia_381261880349702784_381261880349702912_sep0.557as_i_size256_meta.json
0014_gaia_369283319629630080_369283319629630208_sep0.568as_i_size256,369283319629630080,369283319629630208,10.96258891211407,41.4173933386684,10.962456065831418,41.41751577377302,19.768226623535156,19.000612258911133,0.568241920148316,10.962522489035347,41.417454556239804,127.60721963754713,126.93378537289027,True,129.0495887023394,128.69083713323562,True,m31_gaia_pairs_ps1_lr_gt/0014_gaia_369283319629630080_369283319629630208_sep0.568as_i_size256_LR.png,m31_gaia_pairs_ps1_lr_gt/0014_gaia_369283319629630080_369283319629630208_sep0.568as_i_size256_LR.tiff,m31_gaia_pairs_ps1_lr_gt/0014_gaia_369283319629630080_369283319629630208_sep0.568as_i_size256_GT.png,m31_gaia_pairs_ps1_lr_gt/0014_gaia_369283319629630080_369283319629630208_sep0.568as_i_size256_GT.tiff,m31_gaia_pairs_ps1_lr_gt/0014_gaia_369283319629630080_369283319629630208_sep0.568as_i_size256_meta.json
0015_gaia_369281464204377856_369281464209930496_sep0.570as_i_size256,369281464204377856,369281464209930496,11.17170334117976,41.43874019922888,11.171511828393845,41.43867323529634,19.25992202758789,19.322677612304688,0.5703085215583951,11.171607584737405,41.43870671730231,126.36590238971712,128.84926336116223,True,128.42691489704976,127.87095137671622,True,m31_gaia_pairs_ps1_lr_gt/0015_gaia_369281464204377856_369281464209930496_sep0.570as_i_size256_LR.png,m31_gaia_pairs_ps1_lr_gt/0015_gaia_369281464204377856_369281464209930496_sep0.570as_i_size256_LR.tiff,m31_gaia_pairs_ps1_lr_gt/0015_gaia_369281464204377856_369281464209930496_sep0.570as_i_size256_GT.png,m31_gaia_pairs_ps1_lr_gt/0015_gaia_369281464204377856_369281464209930496_sep0.570as_i_size256_GT.tiff,m31_gaia_pairs_ps1_lr_gt/0015_gaia_369281464204377856_369281464209930496_sep0.570as_i_size256_meta.json
0016_gaia_381267034317331712_381267034317331840_sep0.579as_i_size256,381267034317331712,381267034317331840,10.695294374794228,41.274557943816795,10.695497567591335,41.27450708914172,20.586591720581055,20.56669807434082,0.5794419403570095,10.695395971232358,41.27453251652392,128.6389405281568,128.81173807441337,True,126.4388058812865,128.08202677652844,True,m31_gaia_pairs_ps1_lr_gt/0016_gaia_381267034317331712_381267034317331840_sep0.579as_i_size256_LR.png,m31_gaia_pairs_ps1_lr_gt/0016_gaia_381267034317331712_381267034317331840_sep0.579as_i_size256_LR.tiff,m31_gaia_pairs_ps1_lr_gt/0016_gaia_381267034317331712_381267034317331840_sep0.579as_i_size256_GT.png,m31_gaia_pairs_ps1_lr_gt/0016_gaia_381267034317331712_381267034317331840_sep0.579as_i_size256_GT.tiff,m31_gaia_pairs_ps1_lr_gt/0016_gaia_381267034317331712_381267034317331840_sep0.579as_i_size256_meta.json
0017_gaia_369239304805030528_369239304808381952_sep0.579as_i_size256,369239304805030528,369239304808381952,10.957173647232166,41.01077625957705,10.957097598229524,41.0109266499665,18.70138931274414,19.339359283447266,0.5794810347796636,10.957135622774242,41.01085145477802,127.85522905829157,127.25627134400747,True,128.69104742226136,129.4190515320006,True,m31_gaia_pairs_ps1_lr_gt/0017_gaia_369239304805030528_369239304808381952_sep0.579as_i_size256_LR.png,m31_gaia_pairs_ps1_lr_gt/0017_gaia_369239304805030528_369239304808381952_sep0.579as_i_size256_LR.tiff,m31_gaia_pairs_ps1_lr_gt/0017_gaia_369239304805030528_369239304808381952_sep0.579as_i_size256_GT.png,m31_gaia_pairs_ps1_lr_gt/0017_gaia_369239304805030528_369239304808381952_sep0.579as_i_size256_GT.tiff,m31_gaia_pairs_ps1_lr_gt/0017_gaia_369239304805030528_369239304808381952_sep0.579as_i_size256_meta.json
0018_gaia_381294178493593856_381294178501616512_sep0.588as_i_size256,381294178493593856,381294178501616512,10.865709570395648,41.474226604513866,10.865512852673662,41.47415650786403,20.33281707763672,20.23098373413086,0.5875594087678289,10.865611211481474,41.474191556230835,126.49675612849751,128.47330732379123,True,128.6160305674225,127.45702364947101,True,m31_gaia_pairs_ps1_lr_gt/0018_gaia_381294178493593856_381294178501616512_sep0.588as_i_size256_LR.png,m31_gaia_pairs_ps1_lr_gt/0018_gaia_381294178493593856_381294178501616512_sep0.588as_i_size256_LR.tiff,m31_gaia_pairs_ps1_lr_gt/0018_gaia_381294178493593856_381294178501616512_sep0.588as_i_size256_GT.png,m31_gaia_pairs_ps1_lr_gt/0018_gaia_381294178493593856_381294178501616512_sep0.588as_i_size256_GT.tiff,m31_gaia_pairs_ps1_lr_gt/0018_gaia_381294178493593856_381294178501616512_sep0.588as_i_size256_meta.json
0019_gaia_381259887477395968_381259887477396096_sep0.596as_i_size256,381259887477395968,381259887477396096,10.52122994297334,41.169475780137866,10.521425197310053,41.169399656956635,20.742565155029297,20.76723861694336,0.5958854893756099,10.521327570198409,41.16943771858846,128.77364297365068,128.91461815383263,True,126.65775202929365,127.81658654305465,True,m31_gaia_pairs_ps1_lr_gt/0019_gaia_381259887477395968_381259887477396096_sep0.596as_i_size256_LR.png,m31_gaia_pairs_ps1_lr_gt/0019_gaia_381259887477395968_381259887477396096_sep0.596as_i_size256_LR.tiff,m31_gaia_pairs_ps1_lr_gt/0019_gaia_381259887477395968_381259887477396096_sep0.596as_i_size256_GT.png,m31_gaia_pairs_ps1_lr_gt/0019_gaia_381259887477395968_381259887477396096_sep0.596as_i_size256_GT.tiff,m31_gaia_pairs_ps1_lr_gt/0019_gaia_381259887477395968_381259887477396096_sep0.596as_i_size256_meta.json
0020_gaia_369252666448651008_369252670749057792_sep0.601as_i_size256,369252666448651008,369252670749057792,10.824054704458412,41.12328063528169,10.823982214813634,41.12343830915588,19.270051956176758,20.67561149597168,0.6007026693636257,10.824018459679564,41.123359472224465,127.02357333650798,126.7402065432434,True,127.81625144825603,129.00911548069053,True,m31_gaia_pairs_ps1_lr_gt/0020_gaia_369252666448651008_369252670749057792_sep0.601as_i_size256_LR.png,m31_gaia_pairs_ps1_lr_gt/0020_gaia_369252666448651008_369252670749057792_sep0.601as_i_size256_LR.tiff,m31_gaia_pairs_ps1_lr_gt/0020_gaia_369252666448651008_369252670749057792_sep0.601as_i_size256_GT.png,m31_gaia_pairs_ps1_lr_gt/0020_gaia_369252666448651008_369252670749057792_sep0.601as_i_size256_GT.tiff,m31_gaia_pairs_ps1_lr_gt/0020_gaia_369252666448651008_369252670749057792_sep0.601as_i_size256_meta.json
0021_gaia_381267790224992256_381267790231564416_sep0.608as_i_size256,381267790224992256,381267790231564416,10.698951500481497,41.28613394045697,10.699173784598637,41.28610866952553,20.66726303100586,20.442344665527344,0.6081497891668816,10.69906264256159,41.28612130504469,129.27233145011883,128.5820501558028,True,126.86644421084725,128.22116242441552,True,m31_gaia_pairs_ps1_lr_gt/0021_gaia_381267790224992256_381267790231564416_sep0.608as_i_size256_LR.png,m31_gaia_pairs_ps1_lr_gt/0021_gaia_381267790224992256_381267790231564416_sep0.608as_i_size256_LR.tiff,m31_gaia_pairs_ps1_lr_gt/0021_gaia_381267790224992256_381267790231564416_sep0.608as_i_size256_GT.png,m31_gaia_pairs_ps1_lr_gt/0021_gaia_381267790224992256_381267790231564416_sep0.608as_i_size256_GT.tiff,m31_gaia_pairs_ps1_lr_gt/0021_gaia_381267790224992256_381267790231564416_sep0.608as_i_size256_meta.json
0022_gaia_369247551142214784_369247551148052992_sep0.609as_i_size256,369247551142214784,369247551148052992,10.69804788107844,41.012976677098166,10.698143309103893,41.01312970383344,19.953960418701172,19.956724166870117,0.6088372927067047,10.698095595035753,41.013053190475645,128.00511062635974,127.23008444853076,True,126.97089457006223,129.43562892271257,True,m31_gaia_pairs_ps1_lr_gt/0022_gaia_369247551142214784_369247551148052992_sep0.609as_i_size256_LR.png,m31_gaia_pairs_ps1_lr_gt/0022_gaia_369247551142214784_369247551148052992_sep0.609as_i_size256_LR.tiff,m31_gaia_pairs_ps1_lr_gt/0022_gaia_369247551142214784_369247551148052992_sep0.609as_i_size256_GT.png,m31_gaia_pairs_ps1_lr_gt/0022_gaia_369247551142214784_369247551148052992_sep0.609as_i_size256_GT.tiff,m31_gaia_pairs_ps1_lr_gt/0022_gaia_369247551142214784_369247551148052992_sep0.609as_i_size256_meta.json
0023_gaia_381267034309986688_381267034317327744_sep0.613as_i_size256,381267034309986688,381267034317327744,10.694028726664694,41.27645693559296,10.694233544822222,41.276384297509225,20.64969253540039,20.34881591796875,0.6127425041985441,10.694131135800442,41.27642061659647,129.3712243744319,128.14481071714908,True,127.15318588411014,127.10135830166291,True,m31_gaia_pairs_ps1_lr_gt/0023_gaia_381267034309986688_381267034317327744_sep0.613as_i_size256_LR.png,m31_gaia_pairs_ps1_lr_gt/0023_gaia_381267034309986688_381267034317327744_sep0.613as_i_size256_LR.tiff,m31_gaia_pairs_ps1_lr_gt/0023_gaia_381267034309986688_381267034317327744_sep0.613as_i_size256_GT.png,m31_gaia_pairs_ps1_lr_gt/0023_gaia_381267034309986688_381267034317327744_sep0.613as_i_size256_GT.tiff,m31_gaia_pairs_ps1_lr_gt/0023_gaia_381267034309986688_381267034317327744_sep0.613as_i_size256_meta.json
0024_gaia_381267034308683136_381267034308683264_sep0.621as_i_size256,381267034308683136,381267034308683264,10.700449008780739,41.27166062277221,10.700671130751285,41.27161744537121,20.7283935546875,20.46999740600586,0.6207767536764425,10.700560069802737,41.27163903412507,128.79408866439576,128.15401965423553,True,126.38907025116214,127.53527374497207,True,m31_gaia_pairs_ps1_lr_gt/0024_gaia_381267034308683136_381267034308683264_sep0.621as_i_size256_LR.png,m31_gaia_pairs_ps1_lr_gt/0024_gaia_381267034308683136_381267034308683264_sep0.621as_i_size256_LR.tiff,m31_gaia_pairs_ps1_lr_gt/0024_gaia_381267034308683136_381267034308683264_sep0.621as_i_size256_GT.png,m31_gaia_pairs_ps1_lr_gt/0024_gaia_381267034308683136_381267034308683264_sep0.621as_i_size256_GT.tiff,m31_gaia_pairs_ps1_lr_gt/0024_gaia_381267034308683136_381267034308683264_sep0.621as_i_size256_meta.json
0025_gaia_381263048573338112_381263048573338240_sep0.622as_i_size256,381263048573338112,381263048573338240,10.514911214605508,41.22543431633092,10.515117089819658,41.22535790823605,20.43329429626465,20.237619400024414,0.6216095444926393,10.515014152272725,41.22539611232932,128.58463358123288,128.93100616305128,True,126.35562386162064,127.8286501603925,True,m31_gaia_pairs_ps1_lr_gt/0025_gaia_381263048573338112_381263048573338240_sep0.622as_i_size256_LR.png,m31_gaia_pairs_ps1_lr_gt/0025_gaia_381263048573338112_381263048573338240_sep0.622as_i_size256_LR.tiff,m31_gaia_pairs_ps1_lr_gt/0025_gaia_381263048573338112_381263048573338240_sep0.622as_i_size256_GT.png,m31_gaia_pairs_ps1_lr_gt/0025_gaia_381263048573338112_381263048573338240_sep0.622as_i_size256_GT.tiff,m31_gaia_pairs_ps1_lr_gt/0025_gaia_381263048573338112_381263048573338240_sep0.622as_i_size256_meta.json
0026_gaia_381277887683424896_381277891982142336_sep0.623as_i_size256,381277887683424896,381277891982142336,10.475888242892667,41.370575334504814,10.47578020667474,41.37042259231005,19.910741806030273,20.55142593383789,0.6225344790900991,10.475834224720291,41.37049896342006,127.52174870340832,128.72835978473267,True,128.69220174495877,126.53012015921195,True,m31_gaia_pairs_ps1_lr_gt/0026_gaia_381277887683424896_381277891982142336_sep0.623as_i_size256_LR.png,m31_gaia_pairs_ps1_lr_gt/0026_gaia_381277887683424896_381277891982142336_sep0.623as_i_size256_LR.tiff,m31_gaia_pairs_ps1_lr_gt/0026_gaia_381277887683424896_381277891982142336_sep0.623as_i_size256_GT.png,m31_gaia_pairs_ps1_lr_gt/0026_gaia_381277887683424896_381277891982142336_sep0.623as_i_size256_GT.tiff,m31_gaia_pairs_ps1_lr_gt/0026_gaia_381277887683424896_381277891982142336_sep0.623as_i_size256_meta.json
0027_gaia_369253151781231232_369253151783394304_sep0.639as_i_size256,369253151781231232,369253151783394304,10.884071797069689,41.16481995476244,10.884307059577992,41.16480645093966,20.77914810180664,20.558521270751953,0.6394471524077641,10.88418942833596,41.16481320291089,128.97634403826487,128.02790802431264,True,126.42499157509701,127.8420845694036,True,m31_gaia_pairs_ps1_lr_gt/0027_gaia_369253151781231232_369253151783394304_sep0.639as_i_size256_LR.png,m31_gaia_pairs_ps1_lr_gt/0027_gaia_369253151781231232_369253151783394304_sep0.639as_i_size256_LR.tiff,m31_gaia_pairs_ps1_lr_gt/0027_gaia_369253151781231232_369253151783394304_sep0.639as_i_size256_GT.png,m31_gaia_pairs_ps1_lr_gt/0027_gaia_369253151781231232_369253151783394304_sep0.639as_i_size256_GT.tiff,m31_gaia_pairs_ps1_lr_gt/0027_gaia_369253151781231232_369253151783394304_sep0.639as_i_size256_meta.json
0028_gaia_381266999950756352_381266999950756480_sep0.641as_i_size256,381266999950756352,381266999950756480,10.684112026261536,41.266847862838205,10.684038628926784,41.26667858379495,20.075695037841797,19.98854637145996,0.6409516619169915,10.684075327546589,41.2667632233224,127.5445341672746,129.627163078816,True,128.3363029723737,127.18826863710638,True,m31_gaia_pairs_ps1_lr_gt/0028_gaia_381266999950756352_381266999950756480_sep0.641as_i_size256_LR.png,m31_gaia_pairs_ps1_lr_gt/0028_gaia_381266999950756352_381266999950756480_sep0.641as_i_size256_LR.tiff,m31_gaia_pairs_ps1_lr_gt/0028_gaia_381266999950756352_381266999950756480_sep0.641as_i_size256_GT.png,m31_gaia_pairs_ps1_lr_gt/0028_gaia_381266999950756352_381266999950756480_sep0.641as_i_size256_GT.tiff,m31_gaia_pairs_ps1_lr_gt/0028_gaia_381266999950756352_381266999950756480_sep0.641as_i_size256_meta.json
0029_gaia_369255041566917760_369255041569013120_sep0.643as_i_size256,369255041566917760,369255041569013120,10.981641582762085,41.21924686984963,10.981878211621451,41.21926092109603,20.40608024597168,20.257688522338867,0.642760061384357,10.981759897179058,41.21925389553338,128.73787244174218,128.12213028551378,True,126.17545767996398,128.33610869534277,True,m31_gaia_pairs_ps1_lr_gt/0029_gaia_369255041566917760_369255041569013120_sep0.643as_i_size256_LR.png,m31_gaia_pairs_ps1_lr_gt/0029_gaia_369255041566917760_369255041569013120_sep0.643as_i_size256_LR.tiff,m31_gaia_pairs_ps1_lr_gt/0029_gaia_369255041566917760_369255041569013120_sep0.643as_i_size256_GT.png,m31_gaia_pairs_ps1_lr_gt/0029_gaia_369255041566917760_369255041569013120_sep0.643as_i_size256_GT.tiff,m31_gaia_pairs_ps1_lr_gt/0029_gaia_369255041566917760_369255041569013120_sep0.643as_i_size256_meta.json
0030_gaia_381266999949644800_381266999957542272_sep0.646as_i_size256,381266999949644800,381266999957542272,10.686602802506192,41.262819580031255,10.68684130895177,41.26282979188833,20.23413848876953,20.254770278930664,0.6464665101841698,10.686722055719656,41.26282468602131,129.51623511839216,127.64047735842905,True,126.9345065893358,127.79047968104896,True,m31_gaia_pairs_ps1_lr_gt/0030_gaia_381266999949644800_381266999957542272_sep0.646as_i_size256_LR.png,m31_gaia_pairs_ps1_lr_gt/0030_gaia_381266999949644800_381266999957542272_sep0.646as_i_size256_LR.tiff,m31_gaia_pairs_ps1_lr_gt/0030_gaia_381266999949644800_381266999957542272_sep0.646as_i_size256_GT.png,m31_gaia_pairs_ps1_lr_gt/0030_gaia_381266999949644800_381266999957542272_sep0.646as_i_size256_GT.tiff,m31_gaia_pairs_ps1_lr_gt/0030_gaia_381266999949644800_381266999957542272_sep0.646as_i_size256_meta.json
0031_gaia_381266999950132992_381266999950133120_sep0.647as_i_size256,381266999950132992,381266999950133120,10.69561265446848,41.26393725379899,10.695836322014872,41.26387341880913,20.55917739868164,20.49444007873535,0.6474135533382772,10.695724488296337,41.26390533635817,129.00228573565005,128.8531460541344,True,126.57990927886112,127.93676632746792,True,m31_gaia_pairs_ps1_lr_gt/0031_gaia_381266999950132992_381266999950133120_sep0.647as_i_size256_LR.png,m31_gaia_pairs_ps1_lr_gt/0031_gaia_381266999950132992_381266999950133120_sep0.647as_i_size256_LR.tiff,m31_gaia_pairs_ps1_lr_gt/0031_gaia_381266999950132992_381266999950133120_sep0.647as_i_size256_GT.png,m31_gaia_pairs_ps1_lr_gt/0031_gaia_381266999950132992_381266999950133120_sep0.647as_i_size256_GT.tiff,m31_gaia_pairs_ps1_lr_gt/0031_gaia_381266999950132992_381266999950133120_sep0.647as_i_size256_meta.json
0032_gaia_381267790224981888_381267790231879296_sep0.659as_i_size256,381267790224981888,381267790231879296,10.693742276350074,41.2847581419455,10.693783735297727,41.284577625179764,20.69720458984375,20.738935470581055,0.6594672435728366,10.693763005852572,41.284667883564495,127.61878491818766,129.6972783420115,True,127.16692860767125,127.0979764957774,True,m31_gaia_pairs_ps1_lr_gt/0032_gaia_381267790224981888_381267790231879296_sep0.659as_i_size256_LR.png,m31_gaia_pairs_ps1_lr_gt/0032_gaia_381267790224981888_381267790231879296_sep0.659as_i_size256_LR.tiff,m31_gaia_pairs_ps1_lr_gt/0032_gaia_381267790224981888_381267790231879296_sep0.659as_i_size256_GT.png,m31_gaia_pairs_ps1_lr_gt/0032_gaia_381267790224981888_381267790231879296_sep0.659as_i_size256_GT.tiff,m31_gaia_pairs_ps1_lr_gt/0032_gaia_381267790224981888_381267790231879296_sep0.659as_i_size256_meta.json
0033_gaia_369286171488427264_369286171488427392_sep0.660as_i_size256,369286171488427264,369286171488427392,11.04406542872999,41.554460580979466,11.044051733117263,41.55427749925689,20.748998641967773,20.45766830444336,0.660126090290681,11.044058580913932,41.55436904011839,128.21339667007032,129.08626710803492,True,128.3469513005566,126.44894262013167,True,m31_gaia_pairs_ps1_lr_gt/0033_gaia_369286171488427264_369286171488427392_sep0.660as_i_size256_LR.png,m31_gaia_pairs_ps1_lr_gt/0033_gaia_369286171488427264_369286171488427392_sep0.660as_i_size256_LR.tiff,m31_gaia_pairs_ps1_lr_gt/0033_gaia_369286171488427264_369286171488427392_sep0.660as_i_size256_GT.png,m31_gaia_pairs_ps1_lr_gt/0033_gaia_369286171488427264_369286171488427392_sep0.660as_i_size256_GT.tiff,m31_gaia_pairs_ps1_lr_gt/0033_gaia_369286171488427264_369286171488427392_sep0.660as_i_size256_meta.json
0034_gaia_369246069378653440_369246073673460608_sep0.662as_i_size256,369246069378653440,369246073673460608,10.737889975491505,41.02873177308705,10.737799527277431,41.02856114586457,19.297298431396484,20.14394760131836,0.6615514729224526,10.737844751325873,41.02864645948465,127.42537923388909,128.81327645793317,True,128.40377586771388,126.3538525299191,True,m31_gaia_pairs_ps1_lr_gt/0034_gaia_369246069378653440_369246073673460608_sep0.662as_i_size256_LR.png,m31_gaia_pairs_ps1_lr_gt/0034_gaia_369246069378653440_369246073673460608_sep0.662as_i_size256_LR.tiff,m31_gaia_pairs_ps1_lr_gt/0034_gaia_369246069378653440_369246073673460608_sep0.662as_i_size256_GT.png,m31_gaia_pairs_ps1_lr_gt/0034_gaia_369246069378653440_369246073673460608_sep0.662as_i_size256_GT.tiff,m31_gaia_pairs_ps1_lr_gt/0034_gaia_369246069378653440_369246073673460608_sep0.662as_i_size256_meta.json
0035_gaia_381267755864525696_381267755864525824_sep0.663as_i_size256,381267755864525696,381267755864525824,10.681905182722089,41.27942290821584,10.681660310737866,41.27941716956307,20.30942726135254,20.606002807617188,0.6627997258242404,10.681782746724597,41.27942003895431,126.63084715904324,127.71092321421747,True,129.2808794847707,127.62541872111615,True,m31_gaia_pairs_ps1_lr_gt/0035_gaia_381267755864525696_381267755864525824_sep0.663as_i_size256_LR.png,m31_gaia_pairs_ps1_lr_gt/0035_gaia_381267755864525696_381267755864525824_sep0.663as_i_size256_LR.tiff,m31_gaia_pairs_ps1_lr_gt/0035_gaia_381267755864525696_381267755864525824_sep0.663as_i_size256_GT.png,m31_gaia_pairs_ps1_lr_gt/0035_gaia_381267755864525696_381267755864525824_sep0.663as_i_size256_GT.tiff,m31_gaia_pairs_ps1_lr_gt/0035_gaia_381267755864525696_381267755864525824_sep0.663as_i_size256_meta.json
0036_gaia_369285930971320704_369285930973759872_sep0.671as_i_size256,369285930971320704,369285930973759872,11.076025471809086,41.55488430675532,11.076274613539075,41.5548870677498,20.17357635498047,20.444175720214844,0.6712500210938547,11.07615004267142,41.55488568731979,128.83210310246704,128.06967898777748,True,126.14747794171944,128.12460656222538,True,m31_gaia_pairs_ps1_lr_gt/0036_gaia_369285930971320704_369285930973759872_sep0.671as_i_size256_LR.png,m31_gaia_pairs_ps1_lr_gt/0036_gaia_369285930971320704_369285930973759872_sep0.671as_i_size256_LR.tiff,m31_gaia_pairs_ps1_lr_gt/0036_gaia_369285930971320704_369285930973759872_sep0.671as_i_size256_GT.png,m31_gaia_pairs_ps1_lr_gt/0036_gaia_369285930971320704_369285930973759872_sep0.671as_i_size256_GT.tiff,m31_gaia_pairs_ps1_lr_gt/0036_gaia_369285930971320704_369285930973759872_sep0.671as_i_size256_meta.json
0037_gaia_369279299540916608_369279299544025728_sep0.672as_i_size256,369279299540916608,369279299544025728,11.057311866860498,41.3398156776381,11.057073227532463,41.33986803220675,19.739059448242188,20.689165115356445,0.6719905439448364,11.057192547244437,41.339841854984044,126.52953123514999,127.66079231749973,True,129.11396136345957,128.40085028490648,True,m31_gaia_pairs_ps1_lr_gt/0037_gaia_369279299540916608_369279299544025728_sep0.672as_i_size256_LR.png,m31_gaia_pairs_ps1_lr_gt/0037_gaia_369279299540916608_369279299544025728_sep0.672as_i_size256_LR.tiff,m31_gaia_pairs_ps1_lr_gt/0037_gaia_369279299540916608_369279299544025728_sep0.672as_i_size256_GT.png,m31_gaia_pairs_ps1_lr_gt/0037_gaia_369279299540916608_369279299544025728_sep0.672as_i_size256_GT.tiff,m31_gaia_pairs_ps1_lr_gt/0037_gaia_369279299540916608_369279299544025728_sep0.672as_i_size256_meta.json
0038_gaia_369256411670337920_369256415956400640_sep0.676as_i_size256,369256411670337920,369256415956400640,10.82804270489748,41.19783704492987,10.827959801873169,41.19766005948942,20.577072143554688,20.515321731567383,0.6755643667314497,10.828001253329283,41.19774855221708,127.76598462946276,129.7023555456999,True,128.65720668998074,127.15078650264695,True,m31_gaia_pairs_ps1_lr_gt/0038_gaia_369256411670337920_369256415956400640_sep0.676as_i_size256_LR.png,m31_gaia_pairs_ps1_lr_gt/0038_gaia_369256411670337920_369256415956400640_sep0.676as_i_size256_LR.tiff,m31_gaia_pairs_ps1_lr_gt/0038_gaia_369256411670337920_369256415956400640_sep0.676as_i_size256_GT.png,m31_gaia_pairs_ps1_lr_gt/0038_gaia_369256411670337920_369256415956400640_sep0.676as_i_size256_GT.tiff,m31_gaia_pairs_ps1_lr_gt/0038_gaia_369256411670337920_369256415956400640_sep0.676as_i_size256_meta.json
0039_gaia_381261880348025728_381261880348025856_sep0.680as_i_size256,381261880348025728,381261880348025856,10.67236743296194,41.26456418762709,10.672384961004658,41.26437575436634,20.696369171142578,20.55590057373047,0.6800159287068647,10.672376196995941,41.26446997099704,127.6426935774457,129.6051046206212,True,127.45028582137263,126.89140195674554,True,m31_gaia_pairs_ps1_lr_gt/0039_gaia_381261880348025728_381261880348025856_sep0.680as_i_size256_LR.png,m31_gaia_pairs_ps1_lr_gt/0039_gaia_381261880348025728_381261880348025856_sep0.680as_i_size256_LR.tiff,m31_gaia_pairs_ps1_lr_gt/0039_gaia_381261880348025728_381261880348025856_sep0.680as_i_size256_GT.png,m31_gaia_pairs_ps1_lr_gt/0039_gaia_381261880348025728_381261880348025856_sep0.680as_i_size256_GT.tiff,m31_gaia_pairs_ps1_lr_gt/0039_gaia_381261880348025728_381261880348025856_sep0.680as_i_size256_meta.json
0040_gaia_381261880348443648_381267755864381696_sep0.682as_i_size256,381261880348443648,381267755864381696,10.677332684577207,41.26362270471215,10.677535245589036,41.2637353569848,20.4815616607666,20.6346378326416,0.6818566465177386,10.67743396499576,41.26367903089285,128.87983867652304,127.09910585392936,True,126.68877980349919,128.72381831707935,True,m31_gaia_pairs_ps1_lr_gt/0040_gaia_381261880348443648_381267755864381696_sep0.682as_i_size256_LR.png,m31_gaia_pairs_ps1_lr_gt/0040_gaia_381261880348443648_381267755864381696_sep0.682as_i_size256_LR.tiff,m31_gaia_pairs_ps1_lr_gt/0040_gaia_381261880348443648_381267755864381696_sep0.682as_i_size256_GT.png,m31_gaia_pairs_ps1_lr_gt/0040_gaia_381261880348443648_381267755864381696_sep0.682as_i_size256_GT.tiff,m31_gaia_pairs_ps1_lr_gt/0040_gaia_381261880348443648_381267755864381696_sep0.682as_i_size256_meta.json
0041_gaia_369254693684238080_369254697967693568_sep0.685as_i_size256,369254693684238080,369254697967693568,10.957756944339318,41.21016847503716,10.957517478616863,41.21022988709397,19.625267028808594,19.30689811706543,0.6851858603805555,10.957637211534283,41.21019918112757,126.91005846000871,127.23315309363716,True,129.50831006085264,128.1066356764495,True,m31_gaia_pairs_ps1_lr_gt/0041_gaia_369254693684238080_369254697967693568_sep0.685as_i_size256_LR.png,m31_gaia_pairs_ps1_lr_gt/0041_gaia_369254693684238080_369254697967693568_sep0.685as_i_size256_LR.tiff,m31_gaia_pairs_ps1_lr_gt/0041_gaia_369254693684238080_369254697967693568_sep0.685as_i_size256_GT.png,m31_gaia_pairs_ps1_lr_gt/0041_gaia_369254693684238080_369254697967693568_sep0.685as_i_size256_GT.tiff,m31_gaia_pairs_ps1_lr_gt/0041_gaia_369254693684238080_369254697967693568_sep0.685as_i_size256_meta.json
0042_gaia_381273974967405056_381273974975442816_sep0.692as_i_size256,381273974967405056,381273974975442816,10.804289492898931,41.505505714440865,10.804508915472214,41.5054057770732,19.13880729675293,19.125146865844727,0.692378714748596,10.80439920427024,41.505455745809165,129.34216135599945,129.03819979942182,True,126.97216389502591,127.60490993300391,True,m31_gaia_pairs_ps1_lr_gt/0042_gaia_381273974967405056_381273974975442816_sep0.692as_i_size256_LR.png,m31_gaia_pairs_ps1_lr_gt/0042_gaia_381273974967405056_381273974975442816_sep0.692as_i_size256_LR.tiff,m31_gaia_pairs_ps1_lr_gt/0042_gaia_381273974967405056_381273974975442816_sep0.692as_i_size256_GT.png,m31_gaia_pairs_ps1_lr_gt/0042_gaia_381273974967405056_381273974975442816_sep0.692as_i_size256_GT.tiff,m31_gaia_pairs_ps1_lr_gt/0042_gaia_381273974967405056_381273974975442816_sep0.692as_i_size256_meta.json
0043_gaia_369253254859314944_369253254859315072_sep0.697as_i_size256,369253254859314944,369253254859315072,10.900839255108787,41.16827448187529,10.90107940379259,41.16834350449862,20.751571655273438,20.2589054107666,0.6966268725978784,10.900959329387442,41.168308993249305,129.36769613130627,127.41913005731658,True,126.76780999851826,128.4226221970148,True,m31_gaia_pairs_ps1_lr_gt/0043_gaia_369253254859314944_369253254859315072_sep0.697as_i_size256_LR.png,m31_gaia_pairs_ps1_lr_gt/0043_gaia_369253254859314944_369253254859315072_sep0.697as_i_size256_LR.tiff,m31_gaia_pairs_ps1_lr_gt/0043_gaia_369253254859314944_369253254859315072_sep0.697as_i_size256_GT.png,m31_gaia_pairs_ps1_lr_gt/0043_gaia_369253254859314944_369253254859315072_sep0.697as_i_size256_GT.tiff,m31_gaia_pairs_ps1_lr_gt/0043_gaia_369253254859314944_369253254859315072_sep0.697as_i_size256_meta.json
0044_gaia_381267068669741184_381267068677112064_sep0.698as_i_size256,381267068669741184,381267068677112064,10.720882609213708,41.28366057171504,10.72062844828359,41.28362660167025,20.611656188964844,20.67890739440918,0.6983544836969097,10.720755528715573,41.283643586762516,126.8927377435366,128.2925677926869,True,129.64245457374886,127.79912489265371,True,m31_gaia_pairs_ps1_lr_gt/0044_gaia_381267068669741184_381267068677112064_sep0.698as_i_size256_LR.png,m31_gaia_pairs_ps1_lr_gt/0044_gaia_381267068669741184_381267068677112064_sep0.698as_i_size256_LR.tiff,m31_gaia_pairs_ps1_lr_gt/0044_gaia_381267068669741184_381267068677112064_sep0.698as_i_size256_GT.png,m31_gaia_pairs_ps1_lr_gt/0044_gaia_381267068669741184_381267068677112064_sep0.698as_i_size256_GT.tiff,m31_gaia_pairs_ps1_lr_gt/0044_gaia_381267068669741184_381267068677112064_sep0.698as_i_size256_meta.json
0045_gaia_369255110284531712_369255110290447488_sep0.706as_i_size256,369255110284531712,369255110290447488,10.979801991322711,41.23495202564522,10.979749129717488,41.2347600426618,20.417095184326172,19.762208938598633,0.7057996312589963,10.979775560481285,41.23485603415653,127.70012881347975,129.22819075070947,True,128.25998360312224,126.46055617570164,True,m31_gaia_pairs_ps1_lr_gt/0045_gaia_369255110284531712_369255110290447488_sep0.706as_i_size256_LR.png,m31_gaia_pairs_ps1_lr_gt/0045_gaia_369255110284531712_369255110290447488_sep0.706as_i_size256_LR.tiff,m31_gaia_pairs_ps1_lr_gt/0045_gaia_369255110284531712_369255110290447488_sep0.706as_i_size256_GT.png,m31_gaia_pairs_ps1_lr_gt/0045_gaia_369255110284531712_369255110290447488_sep0.706as_i_size256_GT.tiff,m31_gaia_pairs_ps1_lr_gt/0045_gaia_369255110284531712_369255110290447488_sep0.706as_i_size256_meta.json
0046_gaia_369246623429249408_369246623432635008_sep0.709as_i_size256,369246623429249408,369246623432635008,10.788827209259734,41.0743645118169,10.789054047903004,41.07426693551502,20.460704803466797,20.52589988708496,0.7087845616742489,10.788940628665545,41.07431572372156,129.54869437311163,129.21584337322201,True,127.08260895775038,127.81604584991874,True,m31_gaia_pairs_ps1_lr_gt/0046_gaia_369246623429249408_369246623432635008_sep0.709as_i_size256_LR.png,m31_gaia_pairs_ps1_lr_gt/0046_gaia_369246623429249408_369246623432635008_sep0.709as_i_size256_LR.tiff,m31_gaia_pairs_ps1_lr_gt/0046_gaia_369246623429249408_369246623432635008_sep0.709as_i_size256_GT.png,m31_gaia_pairs_ps1_lr_gt/0046_gaia_369246623429249408_369246623432635008_sep0.709as_i_size256_GT.tiff,m31_gaia_pairs_ps1_lr_gt/0046_gaia_369246623429249408_369246623432635008_sep0.709as_i_size256_meta.json
0047_gaia_381267137389539968_381267137389540096_sep0.711as_i_size256,381267137389539968,381267137389540096,10.707770373568913,41.28314916806293,10.707832727734479,41.283341115207804,20.519145965576172,20.706716537475586,0.7113005702622878,10.707801550605845,41.283245141639576,127.78014111291418,126.7211500146368,True,127.10921422166689,129.4865512894321,True,m31_gaia_pairs_ps1_lr_gt/0047_gaia_381267137389539968_381267137389540096_sep0.711as_i_size256_LR.png,m31_gaia_pairs_ps1_lr_gt/0047_gaia_381267137389539968_381267137389540096_sep0.711as_i_size256_LR.tiff,m31_gaia_pairs_ps1_lr_gt/0047_gaia_381267137389539968_381267137389540096_sep0.711as_i_size256_GT.png,m31_gaia_pairs_ps1_lr_gt/0047_gaia_381267137389539968_381267137389540096_sep0.711as_i_size256_GT.tiff,m31_gaia_pairs_ps1_lr_gt/0047_gaia_381267137389539968_381267137389540096_sep0.711as_i_size256_meta.json
0048_gaia_369279333900641536_369279333900641792_sep0.711as_i_size256,369279333900641536,369279333900641792,11.06744219198269,41.35090824991066,11.0675579543333,41.351085757795104,19.773839950561523,18.792253494262695,0.7114958077144937,11.067500073079083,41.350997003867384,128.8888247927007,127.01409628733563,True,127.65166320600474,129.57746463321018,True,m31_gaia_pairs_ps1_lr_gt/0048_gaia_369279333900641536_369279333900641792_sep0.711as_i_size256_LR.png,m31_gaia_pairs_ps1_lr_gt/0048_gaia_369279333900641536_369279333900641792_sep0.711as_i_size256_LR.tiff,m31_gaia_pairs_ps1_lr_gt/0048_gaia_369279333900641536_369279333900641792_sep0.711as_i_size256_GT.png,m31_gaia_pairs_ps1_lr_gt/0048_gaia_369279333900641536_369279333900641792_sep0.711as_i_size256_GT.tiff,m31_gaia_pairs_ps1_lr_gt/0048_gaia_369279333900641536_369279333900641792_sep0.711as_i_size256_meta.json
0049_gaia_369247581207107328_369247585505698944_sep0.719as_i_size256,369247581207107328,369247585505698944,10.699196525863268,41.01755553040696,10.699168368092097,41.01735693222859,20.25497817993164,20.68212890625,0.7190327473234379,10.699182446956462,41.01745623131863,127.60790755777293,129.20085011966148,True,127.91017883950212,126.3398057008053,True,m31_gaia_pairs_ps1_lr_gt/0049_gaia_369247581207107328_369247585505698944_sep0.719as_i_size256_LR.png,m31_gaia_pairs_ps1_lr_gt/0049_gaia_369247581207107328_369247585505698944_sep0.719as_i_size256_LR.tiff,m31_gaia_pairs_ps1_lr_gt/0049_gaia_369247581207107328_369247585505698944_sep0.719as_i_size256_GT.png,m31_gaia_pairs_ps1_lr_gt/0049_gaia_369247581207107328_369247585505698944_sep0.719as_i_size256_GT.tiff,m31_gaia_pairs_ps1_lr_gt/0049_gaia_369247581207107328_369247585505698944_sep0.719as_i_size256_meta.json
0050_gaia_369280880089618304_369280880089618432_sep0.726as_i_size256,369280880089618304,369280880089618432,11.118535443958045,41.36580411909344,11.118528491338198,41.36600578110027,20.64972686767578,20.55801773071289,0.7262262094834193,11.118531967653508,41.365904950096905,127.86205764868646,126.7576340679534,True,127.95519033584787,129.66147730492412,True,m31_gaia_pairs_ps1_lr_gt/0050_gaia_369280880089618304_369280880089618432_sep0.726as_i_size256_LR.png,m31_gaia_pairs_ps1_lr_gt/0050_gaia_369280880089618304_369280880089618432_sep0.726as_i_size256_LR.tiff,m31_gaia_pairs_ps1_lr_gt/0050_gaia_369280880089618304_369280880089618432_sep0.726as_i_size256_GT.png,m31_gaia_pairs_ps1_lr_gt/0050_gaia_369280880089618304_369280880089618432_sep0.726as_i_size256_GT.tiff,m31_gaia_pairs_ps1_lr_gt/0050_gaia_369280880089618304_369280880089618432_sep0.726as_i_size256_meta.json
0051_gaia_369283250910158848_369283250913676288_sep0.733as_i_size256,369283250910158848,369283250913676288,10.980765140676196,41.41528647729182,10.98100430858687,41.415382681908866,18.75176239013672,18.639482498168945,0.7327162636292712,10.980884724542973,41.41533457966225,129.1752413873146,127.46083403737975,True,126.59863329084419,128.85803862720604,True,m31_gaia_pairs_ps1_lr_gt/0051_gaia_369283250910158848_369283250913676288_sep0.733as_i_size256_LR.png,m31_gaia_pairs_ps1_lr_gt/0051_gaia_369283250910158848_369283250913676288_sep0.733as_i_size256_LR.tiff,m31_gaia_pairs_ps1_lr_gt/0051_gaia_369283250910158848_369283250913676288_sep0.733as_i_size256_GT.png,m31_gaia_pairs_ps1_lr_gt/0051_gaia_369283250910158848_369283250913676288_sep0.733as_i_size256_GT.tiff,m31_gaia_pairs_ps1_lr_gt/0051_gaia_369283250910158848_369283250913676288_sep0.733as_i_size256_meta.json
0052_gaia_381267755864426752_381267755864426880_sep0.735as_i_size256,381267755864426752,381267755864426880,10.67578063144918,41.27837823021101,10.675812003904769,41.27858107285435,20.66961097717285,20.445331573486328,0.7351496379672628,10.675796317652601,41.27847965153375,127.89830307930379,126.59601675945305,True,127.5617577061239,129.51775675026693,True,m31_gaia_pairs_ps1_lr_gt/0052_gaia_381267755864426752_381267755864426880_sep0.735as_i_size256_LR.png,m31_gaia_pairs_ps1_lr_gt/0052_gaia_381267755864426752_381267755864426880_sep0.735as_i_size256_LR.tiff,m31_gaia_pairs_ps1_lr_gt/0052_gaia_381267755864426752_381267755864426880_sep0.735as_i_size256_GT.png,m31_gaia_pairs_ps1_lr_gt/0052_gaia_381267755864426752_381267755864426880_sep0.735as_i_size256_GT.tiff,m31_gaia_pairs_ps1_lr_gt/0052_gaia_381267755864426752_381267755864426880_sep0.735as_i_size256_meta.json
0053_gaia_381266999950093568_381266999957517184_sep0.736as_i_size256,381266999950093568,381266999957517184,10.681973498004837,41.25945501381848,10.682198914696698,41.259340724259,18.785245895385742,20.40903663635254,0.7358137187525097,10.682086206449384,41.25939786909371,129.57667951606822,129.12724773285845,True,127.13454815636533,127.4838391519188,True,m31_gaia_pairs_ps1_lr_gt/0053_gaia_381266999950093568_381266999957517184_sep0.736as_i_size256_LR.png,m31_gaia_pairs_ps1_lr_gt/0053_gaia_381266999950093568_381266999957517184_sep0.736as_i_size256_LR.tiff,m31_gaia_pairs_ps1_lr_gt/0053_gaia_381266999950093568_381266999957517184_sep0.736as_i_size256_GT.png,m31_gaia_pairs_ps1_lr_gt/0053_gaia_381266999950093568_381266999957517184_sep0.736as_i_size256_GT.tiff,m31_gaia_pairs_ps1_lr_gt/0053_gaia_381266999950093568_381266999957517184_sep0.736as_i_size256_meta.json
0054_gaia_369256931350655488_369256931350655616_sep0.737as_i_size256,369256931350655488,369256931350655616,10.786242657341493,41.21968804077115,10.78627682763481,41.21948505906023,20.769662857055664,19.19715690612793,0.7365691112727647,10.786259742514664,41.21958654991696,128.4494372418103,129.2769454939862,True,128.07252382951037,126.35430759769224,True,m31_gaia_pairs_ps1_lr_gt/0054_gaia_369256931350655488_369256931350655616_sep0.737as_i_size256_LR.png,m31_gaia_pairs_ps1_lr_gt/0054_gaia_369256931350655488_369256931350655616_sep0.737as_i_size256_LR.tiff,m31_gaia_pairs_ps1_lr_gt/0054_gaia_369256931350655488_369256931350655616_sep0.737as_i_size256_GT.png,m31_gaia_pairs_ps1_lr_gt/0054_gaia_369256931350655488_369256931350655616_sep0.737as_i_size256_GT.tiff,m31_gaia_pairs_ps1_lr_gt/0054_gaia_369256931350655488_369256931350655616_sep0.737as_i_size256_meta.json
0055_gaia_369261634340406272_369261638635504640_sep0.737as_i_size256,369261634340406272,369261638635504640,11.252691685876183,41.12669310285268,11.25256762371747,41.12687532784298,19.638208389282227,20.490633010864258,0.7372440991848602,11.25262965488296,41.12678421536447,127.13089973412843,126.92255132056744,True,128.49717177567982,129.53695543903814,True,m31_gaia_pairs_ps1_lr_gt/0055_gaia_369261634340406272_369261638635504640_sep0.737as_i_size256_LR.png,m31_gaia_pairs_ps1_lr_gt/0055_gaia_369261634340406272_369261638635504640_sep0.737as_i_size256_LR.tiff,m31_gaia_pairs_ps1_lr_gt/0055_gaia_369261634340406272_369261638635504640_sep0.737as_i_size256_GT.png,m31_gaia_pairs_ps1_lr_gt/0055_gaia_369261634340406272_369261638635504640_sep0.737as_i_size256_GT.tiff,m31_gaia_pairs_ps1_lr_gt/0055_gaia_369261634340406272_369261638635504640_sep0.737as_i_size256_meta.json
0056_gaia_381267137389539840_381267137389539968_sep0.738as_i_size256,381267137389539840,381267137389539968,10.707783843638516,41.28294453192459,10.707770373568913,41.28314916806293,20.533475875854492,20.519145965576172,0.7375907882827178,10.707777108614275,41.283046849993966,127.6302551117576,126.77412817230288,True,127.78014111291418,129.7211500146368,True,m31_gaia_pairs_ps1_lr_gt/0056_gaia_381267137389539840_381267137389539968_sep0.738as_i_size256_LR.png,m31_gaia_pairs_ps1_lr_gt/0056_gaia_381267137389539840_381267137389539968_sep0.738as_i_size256_LR.tiff,m31_gaia_pairs_ps1_lr_gt/0056_gaia_381267137389539840_381267137389539968_sep0.738as_i_size256_GT.png,m31_gaia_pairs_ps1_lr_gt/0056_gaia_381267137389539840_381267137389539968_sep0.738as_i_size256_GT.tiff,m31_gaia_pairs_ps1_lr_gt/0056_gaia_381267137389539840_381267137389539968_sep0.738as_i_size256_meta.json
0057_gaia_369279260886661120_369279265184290560_sep0.738as_i_size256,369279260886661120,369279265184290560,11.076064499584897,41.33494550535771,11.075862575073831,41.3350833738201,19.733999252319336,19.49222755432129,0.7377407487032837,11.075963537436209,41.335014439633014,126.36580662598135,126.6391131383898,True,128.56060426951353,128.6124179854669,True,m31_gaia_pairs_ps1_lr_gt/0057_gaia_369279260886661120_369279265184290560_sep0.738as_i_size256_LR.png,m31_gaia_pairs_ps1_lr_gt/0057_gaia_369279260886661120_369279265184290560_sep0.738as_i_size256_LR.tiff,m31_gaia_pairs_ps1_lr_gt/0057_gaia_369279260886661120_369279265184290560_sep0.738as_i_size256_GT.png,m31_gaia_pairs_ps1_lr_gt/0057_gaia_369279260886661120_369279265184290560_sep0.738as_i_size256_GT.tiff,m31_gaia_pairs_ps1_lr_gt/0057_gaia_369279260886661120_369279265184290560_sep0.738as_i_size256_meta.json
0058_gaia_381274696521895296_381274696529942784_sep0.738as_i_size256,381274696521895296,381274696529942784,10.646461861995348,41.50514744167998,10.646731732097164,41.50511320484034,19.319913864135742,19.320920944213867,0.7379428255922642,10.64659679708193,41.50513032333902,129.4259713883057,128.17875345273933,True,126.51521752638757,127.68767081220449,True,m31_gaia_pairs_ps1_lr_gt/0058_gaia_381274696521895296_381274696529942784_sep0.738as_i_size256_LR.png,m31_gaia_pairs_ps1_lr_gt/0058_gaia_381274696521895296_381274696529942784_sep0.738as_i_size256_LR.tiff,m31_gaia_pairs_ps1_lr_gt/0058_gaia_381274696521895296_381274696529942784_sep0.738as_i_size256_GT.png,m31_gaia_pairs_ps1_lr_gt/0058_gaia_381274696521895296_381274696529942784_sep0.738as_i_size256_GT.tiff,m31_gaia_pairs_ps1_lr_gt/0058_gaia_381274696521895296_381274696529942784_sep0.738as_i_size256_meta.json
0059_gaia_381293834898960384_381293834898960512_sep0.740as_i_size256,381293834898960384,381293834898960512,10.968401042030115,41.530153539900226,10.96859979425498,41.53001179652146,19.186443328857422,19.862424850463867,0.7397880905287985,10.968500418251416,41.53008266825361,129.04938130037135,129.09562862598796,True,126.89767326308174,127.06381034595506,True,m31_gaia_pairs_ps1_lr_gt/0059_gaia_381293834898960384_381293834898960512_sep0.740as_i_size256_LR.png,m31_gaia_pairs_ps1_lr_gt/0059_gaia_381293834898960384_381293834898960512_sep0.740as_i_size256_LR.tiff,m31_gaia_pairs_ps1_lr_gt/0059_gaia_381293834898960384_381293834898960512_sep0.740as_i_size256_GT.png,m31_gaia_pairs_ps1_lr_gt/0059_gaia_381293834898960384_381293834898960512_sep0.740as_i_size256_GT.tiff,m31_gaia_pairs_ps1_lr_gt/0059_gaia_381293834898960384_381293834898960512_sep0.740as_i_size256_meta.json
